{"artist": "Rolling Stones", "date" : "2014-03-19", "city" : "Perth", "location" : "Perth Arena"}
{"artist": "Rolling Stones", "date" : "2014-03-28", "city" : "Melbourne", "location" : "Rod Laver Arena"}
{"artist": "Bryan Adams", "date" : "2014-07-18", "city" : "Saskatoon", "location" : "Prairieland Park"}
{"artist": "The Linkin Park", "date" : "2014-05-30", "city" : "Lisbon", "location" : "Rock in Rid Festival"}
{"artist": "Red Hot Chillipeppers", "date" : "2014-03-29", "city" : "Santiago", "location" : "Lollapalooza"}
{"artist": "Red Hot Chillipeppers", "date" : "2014-04-04", "city" : "Bogota", "location" : "Festival Estereo Picnic"}
{"artist": "Foo Fighters", "date" : "2014-06-20", "city" : "Dover", "location" : "Firefly Music Festival"}
{"artist": "Bruce Springsteen", "date" : "2014-03-19", "city" : "Perth", "location" : "Perth Arena"}
{"artist": "Rolling Stones", "date" : "2014-03-28", "city" : "Melbourne", "location" : "Rod Laver Arena"}
{"artist": "Bryan Adams", "date" : "2014-08-18", "city" : "Brussels", "location" : "Prairieland Park"}
{"artist": "The Linkin Park", "date" : "2014-05-30", "city" : "Lisbon", "location" : "Rock in Rid Festival"}
{"artist": "Nickelback", "date" : "2014-03-29", "city" : "Santiago", "location" : "Lollapalooza"}
{"artist": "Red Hot Chillipeppers", "date" : "2014-04-04", "city" : "Bogota", "location" : "Festival Estereo Picnic"}
{"artist": "Foo Fighters", "date" : "2014-06-20", "city" : "Dover", "location" : "Firefly Music Festival"}
{"artist": "Foo Fighters", "date" : "2014-06-20", "city" : "Dover", "location" : "Firefly Music Festival"}
{"artist": "Bruce Springsteen", "date" : "2014-03-19", "city" : "Perth", "location" : "Perth Arena"}
{"artist": "Rolling Stones", "date" : "2014-03-28", "city" : "Melbourne", "location" : "Rod Laver Arena"}
{"artist": "Bryan Adams", "date" : "2014-07-18", "city" : "Saskatoon", "location" : "Prairieland Park"}
{"artist": "The Linkin Park", "date" : "2014-05-30", "city" : "Lisbon", "location" : "Rock in Rid Festival"}
{"artist": "Nickelback", "date" : "2014-03-29", "city" : "Santiago", "location" : "Lollapalooza"}
{"artist": "Red Hot Chillipeppers", "date" : "2014-04-04", "city" : "Paris", "location" : "Festival Estereo Picnic"}
{"artist": "Foo Fighters", "date" : "2014-06-20", "city" : "Dover", "location" : "Firefly Music Festival"}
{"artist": "Bruce Springsteen", "date" : "2014-03-19", "city" : "Warszawa", "location" : "Perth Arena"}
{"artist": "Rolling Stones", "date" : "2014-03-28", "city" : "Melbourne", "location" : "Rod Laver Arena"}
{"artist": "Bryan Adams", "date" : "2014-07-18", "city" : "Saskatoon", "location" : "Prairieland Park"}
{"artist": "The Linkin Park", "date" : "2014-05-30", "city" : "Gdansk", "location" : "Rock in Rid Festival"}
{"artist": "Nickelback", "date" : "2014-03-29", "city" : "Santiago", "location" : "Lollapalooza"}
{"artist": "Red Hot Chillipeppers", "date" : "2014-04-04", "city" : "Bogota", "location" : "Festival Estereo Picnic"}
{"artist": "Foo Fighters", "date" : "2014-06-20", "city" : "Dover", "location" : "Firefly Music Festival"}
{"artist": "Foo Fighters", "date" : "2014-08-22", "city" : "Wien", "location" : "Firefly Music Festival"}
{"artist": "Rolling Stones", "date" : "2014-03-19", "city" : "Perth", "location" : "Perth Arena"}
{"artist": "Rolling Stones", "date" : "2014-03-28", "city" : "Melbourne", "location" : "Rod Laver Arena"}
{"artist": "Bryan Adams", "date" : "2014-07-18", "city" : "Saskatoon", "location" : "Prairieland Park"}
{"artist": "The Linkin Park", "date" : "2014-05-30", "city" : "Lisbon", "location" : "Rock in Rid Festival"}
{"artist": "Red Hot Chillipeppers", "date" : "2014-03-29", "city" : "Santiago", "location" : "Lollapalooza"}
{"artist": "Foo Fighters", "date" : "2014-08-22", "city" : "Wien", "location" : "Firefly Music Festival"}
{"artist": "U2", "date" : "2014-04-19", "city" : "Madrit", "location" : "Perth Arena"}
{"artist": "Rolling Stones", "date" : "2014-03-28", "city" : "Rome", "location" : "Rod Laver Arena"}
{"artist": "Bryan Adams", "date" : "2014-07-18", "city" : "Athens", "location" : "Prairieland Park"}
{"artist": "The Linkin Park", "date" : "2014-06-30", "city" : "London", "location" : "Rock in Rid Festival"}
{"artist": "Coldplay", "date" : "2014-06-29", "city" : "Santiago", "location" : "Lollapalooza"}
{"artist": "Bryan Adams", "date" : "2014-07-18", "city" : "Athens", "location" : "Prairieland Park"}
{"artist": "Bryan Adams", "date" : "2014-07-18", "city" : "Athens", "location" : "Prairieland Park"}
{"artist": "The Linkin Park", "date" : "2014-06-30", "city" : "London", "location" : "Rock in Rid Festival"}
{"artist": "Coldplay", "date" : "2014-06-29", "city" : "Santiago", "location" : "Lollapalooza"}
{"artist": "The Linkin Park", "date" : "2014-06-30", "city" : "London", "location" : "Rock in Rid Festival"}
{"artist": "The Kooks", "date" : "2014-06-29", "city" : "Santiago", "location" : "Lollapalooza"}
{"artist": "The Linkin Park", "date" : "2014-06-30", "city" : "London", "location" : "Rock in Rid Festival"}
{"artist": "Coldplay", "date" : "2014-06-29", "city" : "Santiago", "location" : "Lollapalooza"}
{"artist": "Metallica", "date" : "2014-06-30", "city" : "London", "location" : "Rock in Rid Festival"}
{"artist": "Metallica", "date" : "2014-06-29", "city" : "Lima", "location" : "Lollapalooza"}
{"artist": "Coldplay", "date" : "2014-06-29", "city" : "Santiago", "location" : "Lollapalooza"}
{"artist": "Coldplay", "date" : "2014-06-29", "city" : "Santiago", "location" : "Lollapalooza"}
{"artist": "Metallica", "date" : "2014-06-30", "city" : "London", "location" : "Rock in Rid Festival"}
{"artist": "Metallica", "date" : "2014-06-29", "city" : "Lima", "location" : "Lollapalooza"}
{"artist": "U2", "date" : "2014-06-30", "city" : "London", "location" : "Rock in Rid Festival"}
{"artist": "U2", "date" : "2014-06-29", "city" : "Lima", "location" : "Lollapalooza"}
{"artist": "Metallica", "date" : "2014-06-29", "city" : "Lima", "location" : "Lollapalooza"}
{"artist": "Metallica", "date" : "2014-06-29", "city" : "Lima", "location" : "Lollapalooza"}
{"artist": "U2", "date" : "2014-06-30", "city" : "London", "location" : "Rock in Rid Festival"}
{"artist": "U2", "date" : "2014-03-29", "city" : "Buenos Aires", "location" : "Lollapalooza"}
{"artist": "U2", "date" : "2014-06-30", "city" : "London", "location" : "Rock in Rid Festival"}
{"artist": "U2", "date" : "2014-05-29", "city" : "Tokio", "location" : "Lollapalooza"}
