1	EDWIN	BATES	M	1965-03-14	Colorado	2013-12-25
2	ISABELLE	HEATH	F	1999-09-12	Oregon	2013-05-15
3	ANNIKA	FREEMAN	F	1967-09-23	Michigan	2013-09-22
4	VALENTINA	LARSON	F	1951-07-13	Wisconsin	2013-11-07
5	LUKE	SMITH	M	1984-05-28	Texas	2013-10-06
6	ANA	MURPHY	F	1982-07-14	Washington	2013-12-30
7	EMMA	SOLOMON	F	1989-03-06	Arizona	2013-11-14
8	DELILAH	SANDERS	F	1990-02-13	Florida	2013-12-22
9	OWEN	NELSON	M	1956-07-07	Florida	2013-12-07
10	ANNA	SANTOS	F	1979-05-03	California	2013-11-10
11	THOMAS	BUTLER	M	1979-12-28	Texas	2013-11-03
12	ANGEL	FRYE	F	1995-02-04	New Jersey	2013-12-09
13	KAYLEE	HALL	F	1991-11-12	California	2013-11-14
14	KAYLEIGH	HARVEY	F	1970-05-02	Florida	2013-12-25
15	FAITH	ALLEN	F	1973-07-01	Missouri	2013-07-26
16	BROOKLYNN	MILLER	F	1988-05-06	California	2013-10-21
17	ABIGAIL	SCHULTZ	F	1979-09-28	Wisconsin	2013-10-30
18	JACOB	GARCIA	M	1987-03-07	California	2013-12-22
19	JIMENA	NAVARRO	F	1985-04-12	Minnesota	2013-11-27
20	AUBREY	JOHNSON	F	1965-04-18	Pennsylvania	2013-10-25
21	SABRINA	WATERS	F	1980-02-13	Pennsylvania	2013-12-19
22	MAKAYLA	MARTINEZ	F	1976-05-02	Wisconsin	2013-12-09
23	AMARI	BAKER	M	1995-04-11	California	2013-12-09
24	CHRISTOPHER	WHITE	M	1995-09-15	Minnesota	2013-11-02
25	ELIJAH	NEWMAN	M	1968-05-09	Pennsylvania	2013-12-07
26	ANGEL	SMITH	M	1959-09-01	Colorado	2013-08-25
27	ELIJAH	BAIRD	M	1989-11-23	Texas	2013-09-22
28	TYLER	PAGE	M	1969-09-07	Florida	2013-12-15
29	TAYLOR	RICHARDS	F	1966-08-02	Georgia	2013-07-18
30	LUCAS	ORTIZ	M	1957-08-02	Michigan	2013-11-18
31	LOGAN	CASTILLO	M	1993-12-30	Pennsylvania	2013-06-29
32	KARLEE	DIAZ	F	1985-02-23	South Carolina	2013-08-30
33	MARIA	RAMOS	F	1967-08-20	Texas	2013-11-25
34	ALEXANDER	SHARP	M	1968-11-12	New Jersey	2013-12-17
35	RILEY	RODRIGUEZ	M	1979-12-31	California	2013-12-10
36	EMILEE	BEAN	F	1965-06-01	Utah	2013-10-23
37	SEAN	JOHNSON	M	1998-10-24	Washington	2013-05-09
38	MCKAYLA	MILLER	F	1961-01-13	Indiana	2013-09-13
39	SHAWN	RAMIREZ	M	1949-08-10	South Dakota	2013-02-07
40	EMMA	SUMMERS	F	1934-01-16	California	2013-03-09
41	ISAIAH	SCOTT	M	1983-12-04	North Carolina	2013-12-23
42	AUBREY	MASON	F	1971-09-19	Kansas	2013-11-14
43	AVA	WILLIAMS	F	1969-06-01	Michigan	2013-09-24
44	ANDREW	BROCK	M	1986-11-03	Virginia	2013-12-15
45	JAYDEN	JONES	M	1967-07-03	Illinois	2013-12-05
46	VANESSA	PHILLIPS	F	1981-11-12	Washington	2013-10-13
47	RYLEE	TORRES	F	1965-07-01	South Carolina	2013-05-28
48	ASHLEY	WALKER	F	1987-06-18	New York	2013-12-01
49	ABBEY	PETERSON	F	1984-05-14	Wisconsin	2013-11-08
50	ZION	LEWIS	M	1970-02-03	New York	2013-12-13
51	MADELINE	WILLIAMS	F	1938-02-05	Florida	2013-09-02
52	JACOB	FRAZIER	M	1967-08-12	California	2013-11-27
53	AIDEN	ALVARADO	M	1970-04-07	Massachusetts	2013-12-13
54	JOANNA	CROSBY	F	1973-05-14	Nevada	2013-11-27
55	LIAM	SHELTON	M	1990-04-04	New York	2013-11-23
56	HALEY	STRONG	F	1935-04-07	Texas	2013-07-18
57	KENDRICK	REYES	M	1981-06-16	New Jersey	2013-09-23
58	GABRIEL	RILEY	M	1941-04-26	South Carolina	2013-08-14
59	AUBREE	HARRIS	F	1984-01-26	California	2013-12-17
60	ALEXIS	FERGUSON	F	1988-10-16	Maine	2013-02-25
61	ANDREA	MCCOY	F	1959-06-02	Massachusetts	2013-09-28
62	RAQUEL	GREEN	F	1994-05-13	California	2013-12-23
63	DANIEL	PALMER	M	1986-01-22	Puerto Rico	2013-08-09
64	ABRIL	MCPHERSON	F	1987-02-19	Mississippi	2013-10-11
65	CAROLINE	SMITH	F	1995-09-20	Tennessee	2013-04-20
66	CONNOR	COHEN	M	1967-12-20	Washington	2013-09-11
67	ANDREW	ADAMS	M	1979-08-27	Tennessee	2013-09-28
68	GWENDOLYN	PARKS	F	1995-01-01	Texas	2013-06-24
69	DYLAN	JONES	M	1989-06-18	Wisconsin	2013-08-27
70	COLTON	FLORES	M	1980-10-25	Missouri	2013-07-27
71	JACOB	ODOM	M	1986-01-06	New Mexico	2013-12-19
72	KARA	KNOX	F	1982-11-09	North Carolina	2013-08-13
73	VINCENT	SCHAEFER	M	1979-02-17	California	2013-10-19
74	RAY	ANDERSON	M	1976-01-05	Maryland	2013-11-29
75	ISAAC	DAVIDSON	M	1982-11-12	Ohio	2013-12-18
76	CARTER	FISCHER	M	1978-05-05	Missouri	2013-11-01
77	ADRIAN	PEREZ	M	1985-09-28	California	2013-12-19
78	AVERY	HERNANDEZ	F	1988-10-31	Louisiana	2013-10-13
79	RAFAEL	GRIFFIN	M	1957-03-20	Vermont	2013-08-06
80	LILY	WILSON	F	1997-02-17	Nebraska	2013-05-29
81	KARLEE	HENRY	F	1997-03-17	Tennessee	2013-11-28
82	JAMES	CORDOVA	M	1959-07-01	California	2013-07-17
83	JACKSON	JOHNSON	M	1982-02-09	California	2013-05-10
84	GENESIS	MEADOWS	F	1988-08-07	California	2013-06-07
85	JOSEPH	WILLIAMS	M	1994-04-20	Utah	2013-06-08
86	MELISSA	AUSTIN	F	1994-11-29	California	2013-09-26
87	ADRIANA	VASQUEZ	F	1973-12-01	Michigan	2013-09-17
88	ELIAN	SCHWARTZ	M	1979-10-25	Kansas	2013-08-12
89	NOAH	KIRBY	M	1979-06-10	Oklahoma	2013-11-04
90	PAXTON	WALTERS	M	1967-06-26	Ohio	2013-12-11
91	VIOLET	LAM	F	1957-03-18	Mississippi	2013-10-02
92	OLIVIA	DORSEY	F	1993-04-10	Texas	2013-12-25
93	AUDREY	PHILLIPS	F	1985-07-11	California	2013-07-12
94	RAYMOND	ARNOLD	M	1969-12-27	North Carolina	2013-10-08
95	LACEY	HINES	F	1994-05-16	Florida	2013-08-19
96	NICHOLAS	CHEN	M	1942-06-29	Massachusetts	2013-12-24
97	EZEKIEL	FISHER	M	1931-08-11	Maryland	2013-12-22
98	MICHELLE	MCINTOSH	F	1934-01-16	Nevada	2013-11-16
99	AMALIA	REESE	F	1965-05-27	Kentucky	2013-10-20
100	MATILDA	FLEMING	F	1974-06-09	Georgia	2013-09-13
101	ANDREW	STEPHENS	M	1988-05-04	Indiana	2013-11-15
102	PRINCETON	OSBORN	M	1975-07-07	New Jersey	2013-12-02
103	JACK	WARE	M	1993-11-05	Michigan	2013-12-24
104	DAMIAN	WONG	M	1973-02-01	New Jersey	2013-12-30
105	HARPER	CARTER	F	1996-10-24	Hawaii	2013-05-10
106	ENZO	HUBBARD	M	1984-05-03	Texas	2013-12-29
107	TATUM	ALLEN	F	1957-05-31	Maryland	2013-08-29
108	AMELIA	PEREZ	F	1996-12-20	Indiana	2013-08-28
109	ABIGAIL	JOHNSON	F	1939-06-04	Alabama	2013-07-15
110	GAVIN	RODRIGUEZ	M	1994-09-13	Massachusetts	2013-12-03
111	FINLEY	BLAKE	F	1990-10-19	North Carolina	2013-12-22
112	MADISON	MAY	F	1985-02-14	California	2013-09-21
113	EMMA	SMITH	F	1995-10-23	Washington	2013-12-18
114	LUCA	SANCHEZ	M	1984-07-26	Oklahoma	2013-05-03
115	RYAN	MEDINA	M	1966-04-09	Louisiana	2013-10-15
116	ZOEY	NORTON	F	2001-04-04	Massachusetts	2013-11-02
117	AUBREY	RAMIREZ	F	1950-07-30	Florida	2013-06-10
118	TREVOR	JOHNSON	M	1958-12-03	California	2013-12-18
119	BROOKE	GATES	F	1994-02-19	Washington	2013-10-26
120	JORDAN	LEON	M	1988-10-07	New York	2013-07-29
121	AIDAN	HOWARD	M	1997-03-03	California	2013-11-11
122	MARIAM	WHITE	F	1942-10-25	Oklahoma	2013-11-12
123	ROBERT	YOUNG	M	2000-07-02	Illinois	2013-11-26
124	SARA	KELLY	F	1978-05-07	New Mexico	2013-05-10
125	JEREMIAH	COSTA	M	1946-07-18	Colorado	2013-07-28
126	ZOE	CAMPBELL	F	1990-08-20	New Jersey	2013-12-02
127	PAIGE	BRADY	F	1985-02-15	Idaho	2013-11-08
128	RYAN	HUERTA	M	1992-10-27	Pennsylvania	2013-08-07
129	CADE	DOUGLAS	M	1981-03-22	Texas	2013-08-09
130	SADIE	BELL	F	1986-01-15	Ohio	2013-11-05
131	RUBY	GUERRA	F	1974-11-10	California	2013-07-28
132	AMELIA	JOHNSON	F	1990-03-06	California	2013-07-19
133	AUTUMN	THOMPSON	F	1965-06-22	Louisiana	2013-09-18
134	YUSUF	MILLER	M	1980-09-26	Colorado	2013-12-16
135	CLAIRE	RIDDLE	F	1970-07-06	Colorado	2013-09-05
136	PRINCE	SWANSON	M	1989-02-23	Ohio	2013-09-23
137	SARAI	BROOKS	F	1979-02-17	California	2013-11-10
138	CHRISTIAN	JONES	M	1967-06-21	Idaho	2013-12-23
139	LUCY	MARTINEZ	F	1972-03-03	Ohio	2013-12-24
140	JOHNATHAN	GARCIA	M	1995-04-21	New Jersey	2013-12-07
141	JOE	THOMPSON	M	1980-02-26	Michigan	2013-07-25
142	JACKSON	MOORE	M	1998-12-28	Michigan	2013-09-21
143	ISLA	ROBINSON	F	1983-02-09	Alabama	2013-08-12
144	HAYDEN	RAMIREZ	M	1990-10-09	Florida	2013-07-11
145	MALIA	JACKSON	F	1997-05-05	Georgia	2013-06-12
146	NATHANIEL	YORK	M	1977-09-23	Montana	2013-08-24
147	LUCAS	HUFFMAN	M	1983-09-04	Mississippi	2013-12-30
148	DANIEL	GORDON	M	1972-07-30	Louisiana	2013-12-28
149	OMARI	PERKINS	M	1944-09-25	Nebraska	2013-08-14
150	KEVIN	CAMPBELL	M	1987-10-11	Idaho	2013-09-19
151	SOPHIA	JOHNSON	F	1997-08-13	Georgia	2013-12-30
152	MIA	BROWN	F	1963-02-26	Massachusetts	2013-07-24
153	HAVEN	JOHNSON	F	1964-06-01	Illinois	2013-11-29
154	KALEB	ACEVEDO	M	1936-06-28	Texas	2013-12-20
155	QUINN	LEWIS	F	1989-05-22	California	2013-09-11
156	SEBASTIAN	WRIGHT	M	1978-11-14	California	2013-09-14
157	EDWARD	BRYANT	M	1966-01-22	Colorado	2013-06-19
158	KARINA	STEVENSON	F	1989-01-18	Missouri	2013-12-17
159	ALEXANDER	LAWRENCE	M	1976-04-26	Pennsylvania	2013-07-24
160	EVELYN	BRYANT	F	1976-04-28	California	2013-08-12
161	GIOVANNI	HARRIS	M	1980-06-16	South Carolina	2013-12-05
162	AVERY	TAYLOR	M	1986-12-22	West Virginia	2013-09-20
163	AUDREY	WARREN	F	1972-10-18	California	2013-06-28
164	JONATHAN	DIXON	M	1979-02-18	Alabama	2013-04-08
165	LINDSEY	SMITH	F	1987-01-11	Texas	2013-05-28
166	APRIL	GARDNER	F	1980-05-30	California	2013-06-16
167	PAIGE	MORALES	F	1997-10-08	Illinois	2013-10-27
168	SEBASTIAN	CAMPBELL	M	1997-08-22	Pennsylvania	2013-09-25
169	FRANCISCO	SANCHEZ	M	1988-02-12	Pennsylvania	2013-10-09
170	LEAH	FRAZIER	F	1973-01-13	Pennsylvania	2013-10-30
171	ANGELIQUE	NICHOLS	F	1996-11-10	Texas	2013-12-09
172	THADDEUS	KENT	M	1953-07-14	Wisconsin	2013-12-01
173	SAMIYA	SCOTT	F	1968-09-17	Oklahoma	2013-11-29
174	MARCO	VASQUEZ	M	1996-12-02	Texas	2013-06-18
175	ANNABEL	DAUGHERTY	F	1995-09-13	Georgia	2013-10-15
176	AUDREY	HARRINGTON	F	1992-11-28	Pennsylvania	2013-05-14
177	MILES	SCHNEIDER	M	1996-12-11	South Carolina	2013-12-05
178	ALAYNA	EVANS	F	2003-09-20	Pennsylvania	2013-10-01
179	MADISON	JORDAN	F	1991-03-18	Washington	2013-03-08
180	JACK	FISHER	M	1975-08-31	Texas	2013-11-23
181	HENRY	STEWART	M	1980-10-15	New Jersey	2013-10-19
182	ALIJAH	MILLS	M	1983-09-03	Mississippi	2013-10-07
183	DANIELLE	CRUZ	F	1972-07-05	Virginia	2013-11-13
184	GIANCARLO	COLLINS	M	1984-02-11	Florida	2013-09-27
185	CHARLOTTE	KING	F	1995-11-24	Washington	2013-09-02
186	LYLAH	KEY	F	1967-02-27	Texas	2013-06-06
187	LILLIAN	WADE	F	1942-09-08	Ohio	2013-10-06
188	NIXON	THOMPSON	M	1987-06-17	Missouri	2013-07-07
189	BRAYLEE	JACKSON	F	1990-05-03	California	2013-10-12
190	ABDIEL	WARREN	M	1972-05-03	Nevada	2013-03-30
191	YARITZA	CUMMINGS	F	1993-12-23	Colorado	2013-09-28
192	ELIJAH	TURNER	M	1986-06-10	Florida	2013-09-21
193	ISHAAN	WILSON	M	1944-08-29	Texas	2013-06-09
194	MOLLY	JOHNSON	F	1944-02-28	Colorado	2013-10-03
195	CAITLYN	MARTINEZ	F	1930-12-03	Florida	2013-12-26
196	VINCENT	PERKINS	M	1980-06-15	Texas	2013-06-03
197	GABRIEL	MURPHY	M	1985-10-19	South Carolina	2013-11-24
198	ENZO	GOMEZ	M	1974-06-18	Tennessee	2013-12-19
199	MIRANDA	BUSH	F	1986-12-08	Ohio	2013-07-09
200	LEVI	PEREZ	M	1985-03-09	Georgia	2013-06-28
201	SHILOH	DICKSON	F	1981-06-08	New York	2013-07-24
202	JAYDEN	ROGERS	M	1988-05-19	Tennessee	2013-09-05
203	LANE	ROGERS	M	1983-12-25	Maryland	2013-10-14
204	NATHAN	BROWN	M	1986-01-30	California	2013-08-24
205	JOURNEY	BRYANT	F	1953-01-28	Texas	2013-12-06
206	DOMINIC	DOUGLAS	M	1984-01-23	Pennsylvania	2013-08-09
207	SEAN	PERKINS	M	1991-09-12	Texas	2013-06-22
208	MARLEY	HARRIS	F	1938-05-27	Michigan	2013-11-19
209	ANTHONY	SAMPSON	M	1961-02-23	California	2013-05-27
210	AYDEN	AVERY	M	1983-08-28	Georgia	2013-08-17
211	JAVIER	STEVENS	M	1997-07-07	Texas	2013-06-25
212	CHLOE	MARTINEZ	F	1993-04-14	Michigan	2013-11-21
213	OLIVIA	JOHNSON	F	1979-05-04	Wisconsin	2013-12-17
214	NAYELI	MARTINEZ	F	1996-10-26	Nevada	2013-03-09
215	DREW	CONTRERAS	M	1984-07-09	Ohio	2013-12-19
216	SKYLER	MAYER	F	1986-10-24	Texas	2013-06-10
217	AYDEN	MARTIN	M	1997-12-06	California	2013-10-14
218	JOSE	GALLAGHER	M	1963-01-21	Texas	2013-10-11
219	MARCUS	WOOD	M	1982-04-30	Minnesota	2013-05-28
220	KRISH	HERNANDEZ	M	1980-05-12	New York	2013-11-06
221	ADDYSON	KELLEY	F	1997-02-08	Georgia	2013-11-04
222	DANIEL	HOWARD	M	1968-06-12	Kentucky	2013-09-24
223	MAGGIE	TRAN	F	1997-08-21	New Jersey	2013-10-13
224	ALANNAH	MOODY	F	1986-11-21	Virginia	2013-09-19
225	MICHAEL	NORTON	M	1987-10-04	Pennsylvania	2013-12-14
226	PAYTON	MOORE	F	1983-08-04	Washington	2013-09-16
227	MICAH	HALL	M	1981-09-27	California	2013-07-29
228	AUDREY	DAVIS	F	1990-05-07	Connecticut	2013-09-26
229	BENJAMIN	WRIGHT	M	1964-12-01	Indiana	2013-08-09
230	ENRIQUE	WALKER	M	1982-09-10	New Jersey	2013-05-10
231	JULIET	MARTIN	F	1996-08-10	Georgia	2013-09-04
232	ELLA	SMITH	F	1987-08-10	Pennsylvania	2013-12-10
233	EDGAR	SIMPSON	M	1964-05-18	California	2013-12-24
234	AURORA	COOK	F	1989-04-19	Florida	2013-09-08
235	ANDY	JOHNSON	M	1985-10-13	California	2013-12-03
236	MASON	CARTER	M	1934-07-29	Washington	2013-08-08
237	VAN	PENA	M	1969-06-23	Oregon	2013-10-28
238	ISAIAH	SPENCER	M	1980-11-22	Mississippi	2013-11-10
239	LOGAN	SAVAGE	M	1957-07-15	Alaska	2013-08-24
240	GENESIS	STRONG	F	1970-10-22	Wisconsin	2013-04-05
241	PEDRO	LOPEZ	M	1988-07-28	Texas	2013-11-11
242	ISSAC	KIRK	M	1947-01-26	Georgia	2013-06-05
243	KAMRYN	GOOD	F	1997-05-02	Massachusetts	2013-08-30
244	NATHAN	MARTINEZ	M	1966-05-24	New Hampshire	2013-10-28
245	NICOLE	ODONNELL	F	1939-07-21	Washington	2013-12-28
246	JOVANI	MYERS	M	1990-09-07	Puerto Rico	2013-12-29
247	MARIAM	THOMPSON	F	1968-11-25	California	2013-11-13
248	LAYLA	BUTLER	F	1966-12-08	Florida	2013-06-29
249	AVIANA	STEVENSON	F	1995-09-12	Georgia	2013-07-04
250	JOCELYN	JOHNSON	F	1981-10-28	Michigan	2013-10-03
251	LAURA	ROBINSON	F	1984-02-16	Massachusetts	2013-11-22
252	RAYMOND	BROWN	M	1995-10-31	Ohio	2013-10-05
253	BEAU	HOPKINS	M	1982-08-07	Maryland	2013-08-02
254	BRAXTON	HURST	M	1995-09-03	Illinois	2013-12-16
255	REMY	PUGH	M	1985-05-12	New York	2013-10-15
256	THOMAS	WARD	M	1988-12-05	Oregon	2013-10-27
257	JAMARI	MERRITT	M	1987-02-21	Florida	2013-10-03
258	MILES	HERNANDEZ	M	1981-12-28	South Carolina	2013-12-22
259	MACEY	HALE	F	1983-07-21	Iowa	2013-06-09
260	KELLAN	DANIELS	M	1984-05-21	Pennsylvania	2013-08-30
261	MATTHEW	OBRIEN	M	1981-04-10	Texas	2013-12-16
262	LUCAS	EVANS	M	1988-08-31	Georgia	2013-12-26
263	BRAXTON	JACKSON	M	1978-12-24	Illinois	2013-07-06
264	ASHER	WRIGHT	M	1978-01-07	Illinois	2013-12-18
265	JASMINE	GONZALEZ	F	1976-05-15	Iowa	2013-12-21
266	JULIAN	LEONARD	M	1990-09-22	California	2013-07-30
267	ALEXANDRIA	EVANS	F	1967-06-16	Kentucky	2013-12-15
268	TRISTAN	NAVARRO	M	1975-09-29	Pennsylvania	2013-10-05
269	WESLEY	HOBBS	M	1979-11-16	Texas	2013-11-24
270	BRAYDEN	GREEN	M	1965-01-07	Oregon	2013-10-02
271	BENTLEY	THOMAS	M	1956-02-03	Puerto Rico	2013-12-06
272	ISAAC	PONCE	M	2001-12-17	Illinois	2013-11-10
273	SCARLETT	MEYER	F	1990-09-01	Indiana	2013-10-13
274	MARY	BEARD	F	1936-04-10	New York	2013-11-19
275	JAMES	FRANK	M	1998-04-14	Washington	2013-10-14
276	OWEN	BOND	M	1981-12-22	Florida	2013-07-08
277	SHAYLA	LOPEZ	F	1950-05-12	Washington	2013-12-11
278	KAILEY	SIMMONS	F	1967-02-12	Virginia	2013-04-05
279	SAMUEL	ROSE	M	1958-11-20	Ohio	2013-07-01
280	LANDON	ROBBINS	M	1987-07-15	Florida	2013-11-14
281	ASHLEY	NOVAK	F	1975-06-11	Illinois	2013-06-12
282	ALEXA	EATON	F	1941-12-16	California	2013-12-06
283	KAYLEE	TURNER	F	1988-06-27	Delaware	2013-07-18
284	IVY	ADAMS	F	1930-02-06	Florida	2013-10-18
285	KATHERINE	REYES	F	1957-06-29	California	2013-10-22
286	LIAM	BROWN	M	1984-09-05	Nevada	2013-12-12
287	LANDEN	JACKSON	M	1956-08-22	Wisconsin	2013-10-16
288	TARYN	LOPEZ	F	1983-01-08	Florida	2013-12-23
289	PEDRO	ZHANG	M	1996-08-03	New Jersey	2013-11-28
290	JAMIE	SCOTT	F	1943-07-09	Washington	2013-11-02
291	ELIJAH	TERRY	M	1972-06-08	Maryland	2013-12-14
292	ELLA	LINDSEY	F	2001-06-26	California	2013-10-10
293	SYDNEY	SHEA	F	1982-01-15	California	2013-12-01
294	GRAYSON	ERICKSON	M	1988-07-11	Louisiana	2013-12-22
295	EDWIN	HARRIS	M	1989-02-01	Illinois	2013-11-18
296	GAGE	TODD	M	1985-08-25	Ohio	2013-11-19
297	MARLEY	RAMIREZ	F	1976-11-28	Connecticut	2013-12-25
298	CALEB	SMITH	M	1990-05-11	Arizona	2013-09-04
299	ANNABEL	TERRELL	F	1985-03-20	Maine	2013-12-29
300	JORDAN	DAVIS	M	1995-11-10	Florida	2013-07-12
301	EMERSON	TATE	F	1986-01-04	Kentucky	2013-08-01
302	ELLIOTT	MOORE	M	1988-03-08	North Carolina	2013-11-29
303	LILLY	SPENCER	F	1950-10-31	California	2013-10-03
304	KING	MULLEN	M	2004-12-28	Tennessee	2013-12-18
305	SASHA	BENSON	F	1974-08-24	Georgia	2013-07-29
306	MICHAEL	GIBSON	M	1981-05-04	California	2013-08-12
307	BRETT	THOMAS	M	1985-03-05	Ohio	2013-12-26
308	JERAMIAH	REED	M	1981-07-04	Massachusetts	2013-06-12
309	JAYDEN	GRAVES	M	2000-04-15	Florida	2013-12-14
310	MELINA	NICHOLSON	F	1988-10-08	Tennessee	2013-09-26
311	ADRIAN	YOUNG	M	1989-08-20	California	2013-09-05
312	KAYDEN	MILLER	F	1979-04-13	North Carolina	2013-08-13
313	MASON	HANCOCK	M	1965-05-09	Oregon	2013-11-01
314	CHLOE	MILLS	F	1981-08-23	Washington	2013-12-04
315	GRACE	BAILEY	F	1979-08-03	Ohio	2013-04-11
316	HUNTER	SALINAS	M	1993-04-09	North Carolina	2013-11-20
317	STACY	SNOW	F	1984-04-06	Minnesota	2013-09-13
318	BRYN	HART	F	1994-09-28	New York	2013-10-22
319	SETH	PALMER	M	1985-02-17	Texas	2013-12-07
320	MARY	SHERMAN	F	1969-07-01	Alabama	2013-11-18
321	ALIA	HILL	F	1979-12-18	New Hampshire	2013-09-14
322	NAOMI	CARPENTER	F	1996-06-16	Georgia	2013-09-19
323	AVA	COPELAND	F	1977-08-06	Indiana	2013-02-27
324	JORDAN	BEASLEY	M	2000-06-26	Ohio	2013-04-24
325	CHARLES	MCMAHON	M	1983-02-27	Vermont	2013-08-05
326	LOUIS	TERRY	M	1993-08-19	California	2013-09-09
327	ALEJANDRA	NGUYEN	F	1981-11-26	Texas	2013-05-07
328	NAOMI	HORN	F	1942-05-03	Colorado	2013-09-12
329	OLIVIA	GOMEZ	F	1964-01-25	Virginia	2013-12-18
330	JACOB	RODRIGUEZ	M	1982-06-07	Nevada	2013-11-21
331	VANESSA	LEON	F	1983-10-01	Georgia	2013-09-10
332	MAURICIO	STOUT	M	1985-07-04	Puerto Rico	2013-11-28
333	SOPHIA	LIU	F	1991-10-25	California	2013-09-02
334	JACKSON	MENDEZ	M	1985-06-23	Rhode Island	2013-06-14
335	GABRIELLA	CARTER	F	1954-03-02	Texas	2013-11-24
336	HAILEY	WILLIAMS	F	1966-05-12	Connecticut	2013-10-06
337	TYRESE	SULLIVAN	M	1940-01-28	New York	2013-10-22
338	TYLER	THOMPSON	M	1986-03-20	Michigan	2013-09-24
339	CAITLYN	CORTEZ	F	1980-10-03	Texas	2013-10-08
340	EVA	HARVEY	F	1965-11-08	New York	2013-12-20
341	OLIVIA	BAXTER	F	1969-07-12	Indiana	2013-12-02
342	TAYLOR	JACOBSON	M	1980-07-06	Indiana	2013-12-24
343	DEREK	YOUNG	M	1988-11-26	Delaware	2013-10-06
344	GRACE	POTTS	F	1985-09-04	Florida	2013-11-01
345	KNOX	THOMPSON	M	1935-11-19	California	2013-04-12
346	OLIVER	SHEPHERD	M	1984-03-06	Texas	2013-03-23
347	NADIA	HERNANDEZ	F	1974-03-31	Oregon	2013-11-29
348	ELIJAH	SUMMERS	M	1957-09-01	Arizona	2013-09-09
349	MILEY	FLYNN	F	1985-02-25	New Jersey	2013-12-24
350	ADRIANNA	FOX	F	1965-03-26	Alaska	2013-07-22
351	OWEN	WARNER	M	1988-02-19	Maryland	2013-05-21
352	REBECCA	CHAMBERS	F	1978-02-14	California	2013-12-02
353	JORDAN	AVERY	M	1988-08-11	Oklahoma	2013-11-15
354	DANIEL	CLARKE	M	1989-10-14	Florida	2013-11-17
355	TYLER	HENDERSON	M	1988-05-01	Tennessee	2013-12-13
356	KILEY	MUNOZ	F	1975-06-07	Oregon	2013-12-30
357	LYRIC	WARD	F	1974-05-30	Pennsylvania	2013-12-08
358	HUNTER	DANIELS	M	1983-01-28	Georgia	2013-07-26
359	EMMA	HUFF	F	1995-04-12	Illinois	2013-10-01
360	HOWARD	HALL	M	1961-12-17	Virginia	2013-08-07
361	KADEN	DELACRUZ	M	1992-07-31	Connecticut	2013-11-07
362	CAMERON	ENGLISH	M	2001-03-17	New Jersey	2013-09-02
363	MATTEO	SCHMIDT	M	1959-02-01	New York	2013-11-11
364	JOCELYN	CUNNINGHAM	F	1966-09-07	Nebraska	2013-08-26
365	GAVIN	TORRES	M	1966-11-12	West Virginia	2013-08-06
366	GABRIELLA	BRADSHAW	F	1984-05-11	South Carolina	2013-11-12
367	JULIAN	LOPEZ	M	1981-04-23	Pennsylvania	2013-12-06
368	ISHAAN	BENNETT	M	1998-02-25	Florida	2013-06-06
369	PARKER	OCHOA	M	1965-01-30	Mississippi	2013-07-15
370	DOMINIK	PATTERSON	M	2003-03-30	California	2013-07-20
371	HAYDEN	MEDINA	M	1983-05-08	New Jersey	2013-08-12
372	MIRACLE	HALL	F	1966-03-16	West Virginia	2013-11-04
373	HOLDEN	WEBER	M	1997-12-14	Texas	2013-12-11
374	JADEN	BROWN	M	1971-07-31	Ohio	2013-09-23
375	EDEN	MAYER	F	1989-07-24	Oklahoma	2013-11-19
376	NOAH	COLON	M	1978-12-26	South Carolina	2013-12-12
377	KHLOE	MCLAUGHLIN	F	1995-01-06	South Carolina	2013-12-26
378	MORGAN	DILLON	F	1980-05-22	Ohio	2013-03-24
379	HALLIE	DODSON	F	1984-11-21	Virginia	2013-02-10
380	LEVI	WILLIAMS	M	1958-11-06	Georgia	2013-08-02
381	MICHAEL	PATTERSON	M	1990-03-21	Michigan	2013-11-29
382	AVERY	WILSON	F	1976-11-02	Texas	2013-04-03
383	CONNER	HARRIS	M	1987-03-11	Michigan	2013-11-14
384	ADRIANA	RICHARDS	F	1992-06-14	California	2013-10-12
385	ETHAN	BAILEY	M	1986-10-25	Tennessee	2013-09-20
386	MOHAMMED	HUFF	M	1950-12-07	Colorado	2013-10-24
387	JACQUELINE	PARKER	F	1967-10-04	California	2013-12-17
388	RENE	JONES	M	1987-01-23	Texas	2013-10-06
389	PAIGE	PACE	F	1964-11-29	Florida	2013-08-15
390	MATTHEW	JONES	M	1970-12-14	New York	2013-10-17
391	JASIAH	TRUJILLO	M	2000-01-02	New Jersey	2013-09-28
392	BOSTON	MCDONALD	M	1984-12-23	North Carolina	2013-06-24
393	ANTONIO	DIXON	M	1979-09-23	Arkansas	2013-10-05
394	LEVI	WALLACE	M	1984-01-19	Ohio	2013-12-21
395	ARIEL	FRANK	F	1934-01-11	Texas	2013-09-05
396	MADISON	MILLER	F	1995-10-07	South Dakota	2013-11-03
397	ZANDER	MCKINNEY	M	1985-05-29	California	2013-08-30
398	VICTORIA	HOLMES	F	1930-11-18	California	2013-05-09
399	BRADY	THOMPSON	M	1974-03-15	Arizona	2013-08-08
400	MATTHEW	FIELDS	M	1987-07-17	Indiana	2013-09-26
401	RYLIE	JOHNSON	F	1979-10-21	Pennsylvania	2013-12-19
402	MAKAYLA	JONES	F	1988-06-24	North Carolina	2013-12-18
403	MAX	WARD	M	1964-11-22	New York	2013-07-30
404	KIARA	BRYAN	F	1986-06-30	Utah	2013-06-21
405	ANGEL	WILLIAMS	M	1988-06-06	California	2013-12-18
406	AIMEE	WILLIAMS	F	1995-01-06	Alabama	2013-12-15
407	KASEY	BROWN	F	1984-03-28	Nebraska	2013-04-27
408	DENNIS	VAZQUEZ	M	1939-10-09	Wisconsin	2013-03-19
409	DEREK	HOLLAND	M	1991-06-19	Nebraska	2013-12-08
410	GRACE	STEWART	F	1980-05-22	Virginia	2013-11-21
411	LELAND	COOPER	M	1969-06-06	Missouri	2013-09-14
412	JESSE	SMITH	M	1986-01-21	Louisiana	2013-03-01
413	AVA	PORTER	F	1943-09-03	Wisconsin	2013-05-11
414	MARIA	GREGORY	F	1996-06-10	Florida	2013-05-05
415	MITCHELL	BRADY	M	1987-10-25	Georgia	2013-07-28
416	ISSAC	WILKERSON	M	1997-02-01	New York	2013-12-30
417	GABRIEL	HOLDER	M	1944-03-19	New York	2013-08-06
418	KELSEY	ROSE	F	1985-03-25	Virginia	2013-07-23
419	CHARLOTTE	NGUYEN	F	1992-02-12	Nevada	2013-09-16
420	NATHANIEL	YOUNG	M	1992-10-04	Michigan	2013-12-02
421	STEVEN	MOYER	M	1977-04-21	Maine	2013-11-21
422	KADEN	MCCLURE	M	1979-04-07	South Carolina	2013-09-03
423	DESTINY	CAMPBELL	F	1981-02-03	California	2013-08-17
424	MICHAEL	HUFF	M	1993-12-05	Pennsylvania	2013-12-06
425	KASSANDRA	SPENCER	F	1964-06-14	Ohio	2013-06-08
426	SOPHIA	WALLS	F	1990-05-31	California	2013-08-30
427	CALVIN	BRAUN	M	1966-03-09	New York	2013-10-03
428	REBECCA	ROGERS	F	1983-02-22	Virginia	2013-07-04
429	ISABELLA	GONZALEZ	F	1981-09-20	Florida	2013-11-07
430	SUSAN	BAKER	F	1979-04-30	Rhode Island	2013-12-16
431	CHLOE	PALMER	F	1952-04-27	Massachusetts	2013-08-04
432	RYLIE	TODD	F	1983-06-01	New York	2013-12-03
433	DIEGO	BENSON	M	1949-07-19	Arizona	2013-12-01
434	ALEXANDER	BANKS	M	1933-10-14	Pennsylvania	2013-12-08
435	HARPER	WALKER	M	1979-01-12	Texas	2013-06-22
436	MCKENNA	MANNING	F	1979-02-17	Florida	2013-08-20
437	MAEVE	CARTER	F	1983-07-08	North Carolina	2013-03-27
438	MALLORY	BRIGGS	F	1950-10-29	Colorado	2013-11-02
439	AUBREY	ALLEN	F	1994-10-29	New York	2013-07-16
440	LILLY	STOKES	F	1981-10-23	Ohio	2013-09-24
441	KATE	HAYES	F	1984-04-05	North Carolina	2013-12-02
442	WESLEY	GALVAN	M	1983-03-03	Michigan	2013-12-09
443	JUAN	TORRES	M	1979-04-03	Montana	2013-09-28
444	BROOKE	PAGE	F	1959-05-14	Maryland	2013-12-28
445	LESLIE	WARD	F	1929-07-14	Oklahoma	2013-12-30
446	WYATT	KELLER	M	1985-06-18	Virginia	2013-07-30
447	NIKOLAS	TAYLOR	M	1984-02-25	Kentucky	2013-07-15
448	OLIVIA	BOYLE	F	1991-02-24	Wisconsin	2013-12-05
449	ABIGAIL	SMITH	F	1995-11-10	South Carolina	2013-11-26
450	MARLEY	WOLF	F	1969-02-13	Illinois	2013-11-23
451	BRYAN	ESPINOZA	M	1980-04-14	Tennessee	2013-11-18
452	JORDYN	TAYLOR	F	1991-05-15	Georgia	2013-06-17
453	ZOEY	DAVID	F	1993-09-19	North Carolina	2013-12-20
454	LUIS	POWELL	M	1988-09-12	California	2013-07-28
455	BLAKELY	LONG	F	1963-06-16	Kentucky	2013-12-06
456	KADEN	HOLLAND	M	1983-03-16	Georgia	2013-05-13
457	ADDISON	MCCALL	F	1974-07-23	Tennessee	2013-09-20
458	MIKAYLA	HOWARD	F	1936-12-19	Ohio	2013-08-25
459	SOFIA	PATTON	F	1974-05-28	Alabama	2013-07-01
460	ELIZABETH	LOPEZ	F	1985-12-23	Pennsylvania	2013-12-22
461	JUDE	STEWART	M	1979-11-19	Tennessee	2013-11-17
462	LAYLA	PARK	F	1947-06-04	Ohio	2013-11-25
463	ADRIAN	ZIMMERMAN	M	1995-08-23	Washington	2013-08-20
464	HUNTER	HOOVER	M	2001-02-21	Maryland	2013-11-19
465	JULIAN	BARTLETT	M	1977-10-07	Connecticut	2013-10-15
466	KIERAN	COBB	M	1998-12-05	Maryland	2013-11-20
467	AARON	GONZALEZ	M	1990-12-11	Missouri	2013-04-05
468	JULIEN	MCKINNEY	M	1962-10-05	North Carolina	2013-12-09
469	BRYNLEE	SULLIVAN	F	1985-03-30	New York	2013-10-10
470	EVELYN	SOLOMON	F	1989-06-09	Texas	2013-07-20
471	AYDEN	BROWN	M	1973-07-09	Florida	2013-06-15
472	JORDAN	BRADY	M	1929-05-13	South Carolina	2013-07-24
473	RYLAND	LOPEZ	M	1986-06-04	Connecticut	2013-12-09
474	MAKAYLA	ATKINS	F	1971-01-22	Arizona	2013-11-02
475	DANIEL	MORALES	M	1979-07-11	Georgia	2013-09-02
476	OLIVER	HERNANDEZ	M	1953-09-04	Illinois	2013-12-10
477	TRIPP	COLLINS	M	1981-03-31	North Carolina	2013-11-17
478	MATTIE	ROGERS	F	1933-12-04	New York	2013-10-16
479	ADONIS	YOUNG	M	1987-08-13	Minnesota	2013-12-01
480	NOLAN	MORA	M	1937-02-22	Washington	2013-12-14
481	DANIELA	HENSON	F	1990-07-04	Tennessee	2013-10-20
482	ANNIKA	ATKINSON	F	1988-12-17	Texas	2013-12-03
483	NEVAEH	MIRANDA	F	1968-07-19	Pennsylvania	2013-10-19
484	EAN	SANDERS	M	1978-09-30	California	2013-09-03
485	ISMAEL	WILLIAMS	M	1988-02-28	Colorado	2013-12-15
486	JADE	WILEY	F	1949-02-21	Ohio	2013-09-05
487	ANDREW	STEWART	M	1980-03-16	California	2013-08-05
488	JONAH	CHAVEZ	M	1970-11-28	North Carolina	2013-11-08
489	REESE	KAUFMAN	F	1970-03-09	Massachusetts	2013-08-21
490	JUSTIN	HILL	M	1983-10-05	Illinois	2013-04-16
491	CHRISTOPHER	ORTIZ	M	1949-03-17	Texas	2013-10-09
492	CHRISTIAN	LOGAN	M	1936-06-01	Illinois	2013-07-04
493	BRIANA	LAWRENCE	F	1976-10-27	Arkansas	2013-08-17
494	JOSE	JOHNSON	M	1974-11-24	California	2013-08-29
495	ALICE	LEVY	F	1998-11-17	Florida	2013-12-22
496	AALIYAH	LUTZ	F	1930-02-15	Oklahoma	2013-12-30
497	ANN	VALDEZ	F	1980-04-26	Kentucky	2013-11-24
498	BENJAMIN	MORAN	M	1988-10-31	Ohio	2013-12-15
499	NAYELI	WATSON	F	1948-09-15	Delaware	2013-07-16
500	AMANI	MEYER	F	1991-06-09	Rhode Island	2013-08-30
501	LUCY	MONTGOMERY	F	1977-06-10	Texas	2013-09-28
502	BRODIE	VASQUEZ	M	1968-07-02	Maine	2013-08-20
503	KALI	PEREZ	F	1979-08-18	New York	2013-08-07
504	EVELYN	MONTGOMERY	F	1982-08-06	Ohio	2013-10-13
505	BENJAMIN	ARMSTRONG	M	1996-10-20	Florida	2013-10-22
506	MATTHEW	NICHOLS	M	1973-06-30	Missouri	2013-12-17
507	MORIAH	THOMPSON	F	1946-11-10	Massachusetts	2013-08-27
508	MAYA	WALLACE	F	1986-01-24	Texas	2013-10-08
509	NATHAN	TAYLOR	M	1964-12-30	Utah	2013-12-19
510	BRANTLEY	WHITE	M	1984-09-04	Kansas	2013-08-08
511	MASON	SHAW	M	1984-10-20	New York	2013-10-15
512	XAVIER	NELSON	M	1978-06-17	Michigan	2013-12-11
513	GEORGIA	MCCARTHY	F	1988-06-30	Mississippi	2013-08-23
514	SAMANTHA	MONTOYA	F	1996-10-14	South Carolina	2013-11-10
515	GRANT	ELLIS	M	1996-10-09	Illinois	2013-08-16
516	JULIAN	MANNING	M	2001-02-25	North Carolina	2013-12-24
517	COLTON	SMITH	M	1973-05-06	Virginia	2013-11-09
518	RAINA	HODGE	F	1969-09-12	Florida	2013-11-18
519	REESE	HOWARD	F	1996-02-04	Iowa	2013-08-13
520	CORBIN	OROZCO	M	1956-08-25	Mississippi	2013-11-17
521	MAKAI	QUINN	M	1942-12-28	Alabama	2013-10-04
522	SEBASTIAN	ZIMMERMAN	M	1985-07-17	California	2013-12-01
523	ROMAN	HOLDER	M	1948-03-29	Indiana	2013-09-18
524	NINA	THOMPSON	F	1987-10-22	Wisconsin	2013-08-19
525	RICHARD	DAVIS	M	1987-12-25	District of Columbia	2013-06-16
526	ALVIN	SWANSON	M	1966-05-24	Florida	2013-11-29
527	DYLAN	SMITH	M	1988-09-30	Georgia	2013-11-06
528	BRYAN	RIOS	M	1970-01-28	New York	2013-12-25
529	AXEL	RICHARDS	M	1982-08-22	New Jersey	2013-05-06
530	TYLER	MOODY	M	1973-08-18	Michigan	2013-08-01
531	PARKER	FERNANDEZ	M	1981-04-15	Kentucky	2013-11-13
532	MATTHEW	BERRY	M	1991-05-21	Illinois	2013-02-01
533	EASTON	GARCIA	M	1979-03-11	Iowa	2013-09-11
534	EZRA	REESE	M	1974-01-13	South Carolina	2013-09-04
535	SOPHIE	RIVERA	F	1982-08-28	Georgia	2013-07-06
536	TREVOR	DAVIS	M	1958-11-02	Illinois	2013-11-12
537	OLIVER	JOHNSON	M	1981-02-25	Florida	2013-10-23
538	ESTRELLA	BUCHANAN	F	1985-08-10	Texas	2013-12-29
539	ADDISON	SCHMIDT	F	1991-04-02	Florida	2013-09-29
540	CHRISTIAN	TUCKER	M	1940-06-11	Ohio	2013-09-03
541	OWEN	MEYER	M	1980-05-24	Virginia	2013-07-15
542	FIONA	WILLIAMSON	F	1984-04-28	Virginia	2013-12-15
543	NATHANIEL	NAVARRO	M	1973-03-30	Pennsylvania	2013-12-03
544	EDEN	HART	M	1997-02-12	Kentucky	2013-10-24
545	OWEN	STEWART	M	1952-12-19	Maryland	2013-12-03
546	GIULIANA	GONZALEZ	F	1987-11-03	Louisiana	2013-12-21
547	CHRISTOPHER	CUNNINGHAM	M	1998-09-25	Connecticut	2013-12-05
548	MICHAEL	MURRAY	M	1971-06-30	Massachusetts	2013-10-05
549	EVELYN	SILVA	F	1984-07-22	Wisconsin	2013-10-22
550	JORDEN	RAY	M	1981-05-01	Florida	2013-03-06
551	CHARLOTTE	HUFF	F	1997-02-19	Alabama	2013-12-19
552	JOSEPH	REYES	M	1994-12-06	Massachusetts	2013-12-12
553	KAIDEN	GARCIA	M	1992-07-09	Michigan	2013-03-07
554	MARIA	BLACKWELL	F	1968-07-14	California	2013-11-21
555	KATHERINE	SNYDER	F	1933-02-03	Oklahoma	2013-12-04
556	BRIELLE	MASON	F	1992-12-15	California	2013-01-26
557	VALERIA	MURPHY	F	1964-10-20	Colorado	2013-03-27
558	BRANDON	STEVENS	M	1967-01-16	Colorado	2013-03-17
559	EMILY	ROCHA	F	1973-09-12	Florida	2013-06-20
560	AMELIA	MASON	F	1981-08-08	Florida	2013-10-22
561	SOPHIA	JOHNSON	F	1988-09-17	South Carolina	2013-10-07
562	IAN	GAINES	M	1960-03-16	Mississippi	2013-10-30
563	SAMUEL	MARTINEZ	M	1988-04-30	Texas	2013-07-07
564	ANNA	FLORES	F	1986-10-25	Washington	2013-08-06
565	VIOLET	ANDERSON	F	1992-07-01	New York	2013-12-29
566	PRESTON	PAUL	M	1986-11-29	Oklahoma	2013-10-22
567	TANNER	PATEL	M	1968-11-20	New York	2013-12-26
568	JACOB	GIBSON	M	1967-10-31	Georgia	2013-12-25
569	MATTHEW	RICH	M	1966-01-05	Florida	2013-09-01
570	TRISTEN	WRIGHT	M	1975-01-13	Texas	2013-06-25
571	ALEXANDER	OLSEN	M	1981-04-19	Florida	2013-02-06
572	OWEN	BAKER	M	1972-03-09	Missouri	2013-11-14
573	KAYDEN	MONTGOMERY	M	1981-06-17	Missouri	2013-09-09
574	CECILIA	BENNETT	F	1987-06-26	Indiana	2013-12-16
575	ANTONIO	JACKSON	M	1983-11-28	New York	2013-08-17
576	NOAH	GUERRA	M	1959-04-25	New York	2013-08-17
577	MATTHEW	SHAW	M	1980-05-14	California	2013-12-16
578	PEYTON	KAISER	F	1972-02-11	Texas	2013-09-09
579	AUBREY	BROWN	F	1978-02-04	South Carolina	2013-10-28
580	NOAH	GILBERT	M	1983-07-27	Iowa	2013-05-08
581	PAYTON	JOHNSON	F	1984-01-18	Wisconsin	2013-11-04
582	SASHA	PETTY	F	1979-11-29	Indiana	2013-09-19
583	TAYLOR	CASEY	F	1984-03-22	Texas	2013-09-03
584	SULLIVAN	ANDERSON	M	1964-03-20	New Jersey	2013-12-04
585	STEPHEN	PERRY	M	1960-02-25	Texas	2013-12-13
586	KAYLYNN	FORD	F	2000-05-16	Washington	2013-05-30
587	JORDAN	CLARK	M	1986-12-06	Pennsylvania	2013-07-15
588	LINCOLN	FRANCO	M	1992-10-28	Maryland	2013-03-18
589	MACY	BENNETT	F	1986-02-03	Indiana	2013-09-22
590	ANDRE	FRYE	M	1993-12-24	New York	2013-10-27
591	JOSE	BARRON	M	1969-01-27	Wisconsin	2013-12-25
592	JEFFERSON	VILLANUEVA	M	1974-05-15	Oklahoma	2013-11-16
593	ELIZABETH	CLARK	F	1951-03-16	Pennsylvania	2013-01-09
594	DANIELA	JONES	F	1957-05-10	Texas	2013-12-12
595	SOFIA	LOWERY	F	1983-07-18	Wisconsin	2013-12-18
596	CARLOS	CARTER	M	1969-10-02	Pennsylvania	2013-11-06
597	EASTON	LONG	M	1982-07-01	Oregon	2013-05-21
598	LUIS	CANNON	M	1954-02-18	Arizona	2013-03-22
599	HARPER	ANDERSON	F	1989-11-18	Texas	2013-11-16
600	GABRIEL	PHAM	M	1969-05-23	North Carolina	2013-10-28
601	MARK	MULLEN	M	1990-06-30	Pennsylvania	2013-09-28
602	ARACELI	POWELL	F	1975-12-27	North Carolina	2013-10-13
603	KASON	LOPEZ	M	1949-03-25	Alabama	2013-10-07
604	GAVIN	WEAVER	M	1982-12-26	California	2013-04-04
605	BRIANNA	BROWN	F	1990-08-15	Wisconsin	2013-03-13
606	BENJAMIN	BENDER	M	1955-04-01	Pennsylvania	2013-08-24
607	ANDREW	KELLEY	M	1937-04-15	Texas	2013-11-19
608	EMILIA	DUNN	F	1981-03-26	New York	2013-10-13
609	MATEO	FOWLER	M	1988-10-02	California	2013-07-07
610	HUNTER	GOMEZ	M	1985-03-13	Arizona	2013-09-26
611	HAZEL	GLOVER	F	1985-09-30	New York	2013-09-05
612	JOSEPH	GRAHAM	M	1983-04-08	Kentucky	2013-10-26
613	SKYLA	HARRIS	F	1993-02-11	Texas	2013-10-17
614	JACOB	MORRIS	M	2003-01-05	Vermont	2013-03-05
615	AUBREY	MACDONALD	F	1966-04-27	California	2013-07-07
616	SARAH	OROZCO	F	1971-03-07	California	2013-11-29
617	NICHOLAS	THOMPSON	M	1982-02-28	Texas	2013-07-01
618	JESUS	WILSON	M	1976-10-17	Louisiana	2013-12-08
619	MICAH	LEE	F	1996-07-18	Louisiana	2013-08-04
620	SAMUEL	GARCIA	M	1993-12-18	Texas	2013-12-24
621	JEMMA	WILLIAMS	F	1925-09-05	Ohio	2013-11-23
622	PARKER	WILLIAMS	M	1997-07-12	Georgia	2013-12-01
623	EVELYN	ROBINSON	F	1986-09-24	Kansas	2013-08-08
624	JOHANNA	AYERS	F	1981-07-18	Indiana	2013-12-21
625	MASON	TAYLOR	M	1983-10-24	California	2013-12-17
626	GISELLE	GREEN	F	1987-02-22	Illinois	2013-12-19
627	JESUS	LYNCH	M	1990-03-19	Oregon	2013-11-27
628	SEBASTIAN	DENNIS	M	1974-10-02	Indiana	2013-06-22
629	NORA	SHORT	F	1930-09-10	Wyoming	2013-10-26
630	DANIEL	STEPHENS	M	1989-01-02	Illinois	2013-10-24
631	ERICA	FARLEY	F	1981-01-14	New York	2013-09-08
632	LENA	HARRISON	F	1963-02-08	North Carolina	2013-08-14
633	DYLAN	GREEN	M	1970-08-20	Texas	2013-10-15
634	DANIELA	HOWARD	F	1995-11-06	Ohio	2013-12-03
635	JULIEN	SMITH	M	1973-06-09	Oregon	2013-11-05
636	KAYLEE	ARNOLD	F	1991-08-13	California	2013-02-12
637	JAZMYN	DUKE	F	1984-09-11	New Mexico	2013-11-12
638	GRAYSON	KING	M	1983-09-09	Illinois	2013-09-25
639	JADEN	LEWIS	M	1981-07-12	Washington	2013-11-25
640	CLARA	MCLAUGHLIN	F	1987-10-25	Ohio	2013-10-02
641	LILLIE	EVANS	F	1955-01-08	Illinois	2013-12-10
642	JENNA	WARD	F	1983-09-23	Indiana	2013-12-09
643	ALEX	MIDDLETON	M	1986-12-16	Florida	2013-06-29
644	ADDISON	LAWSON	F	1980-07-09	Texas	2013-11-07
645	BRADEN	DURHAM	M	1953-10-25	Florida	2013-02-23
646	SLOAN	HERNANDEZ	F	1931-11-24	North Carolina	2013-11-20
647	MATTHEW	LYONS	M	2002-02-01	Pennsylvania	2013-12-14
648	KAELYN	JENKINS	F	2000-08-25	Arizona	2013-11-01
649	KHLOE	ROSALES	F	1988-02-14	California	2013-09-12
650	BRYCE	HOLMES	M	1965-10-31	Illinois	2013-09-05
651	KATE	HART	F	1990-05-02	Puerto Rico	2013-01-14
652	RACHEL	HOGAN	F	1993-11-01	Washington	2013-12-06
653	GRAYSON	PRUITT	M	1970-12-29	Kentucky	2013-08-08
654	RICKY	BROWN	M	1987-10-08	Louisiana	2013-07-05
655	MOLLY	MULLINS	F	1972-10-21	North Carolina	2013-10-22
656	JONATHAN	GONZALEZ	M	1997-01-03	California	2013-05-27
657	NATALIA	EDWARDS	F	1974-02-24	New York	2013-11-15
658	ALEX	WILLIAMS	M	1954-08-04	Texas	2013-08-26
659	ALINA	JOHNSON	F	1990-01-11	Pennsylvania	2013-12-17
660	SASHA	SCHMITT	F	1969-08-19	California	2013-08-18
661	LUIS	YATES	M	1963-07-10	California	2013-05-28
662	VINCENT	HENDRIX	M	1950-11-11	Ohio	2013-11-21
663	BRIAN	GOMEZ	M	1978-08-18	Oklahoma	2013-09-02
664	NEVAEH	MOORE	F	1996-01-26	Oregon	2013-07-18
665	VANESSA	PARKER	F	1955-12-23	California	2013-07-18
666	CLAUDIA	TURNER	F	1969-05-09	Michigan	2013-11-27
667	TEAGAN	ORTIZ	F	1968-07-27	Utah	2013-10-08
668	LUCAS	LEE	M	1987-04-04	Texas	2013-05-13
669	OWEN	SHAH	M	1992-12-07	Texas	2013-09-16
670	WILLIAM	HARRIS	M	1982-02-06	Kansas	2013-01-28
671	NEHEMIAH	RICHMOND	M	1980-10-24	North Carolina	2013-11-25
672	JOSEPH	FRY	M	1997-01-25	Texas	2013-11-28
673	RYAN	NUNEZ	M	1982-06-18	California	2013-08-18
674	ERNEST	GALLOWAY	M	1971-12-20	Illinois	2013-07-10
675	PAUL	ARNOLD	M	1963-01-12	Pennsylvania	2013-09-22
676	SYDNEY	NELSON	F	1975-08-22	Florida	2013-11-28
677	KEVIN	JENKINS	M	1937-06-05	Pennsylvania	2013-06-27
678	ELIJAH	SCHULTZ	M	1992-06-30	Connecticut	2013-12-29
679	JACOB	HUTCHINSON	M	1976-08-20	Florida	2013-06-28
680	ABIGAIL	GARZA	F	1999-10-11	Florida	2013-09-27
681	AMELIA	WARNER	F	1982-01-05	Utah	2013-08-04
682	MASON	BRENNAN	M	1970-07-14	Pennsylvania	2013-11-13
683	ETHAN	MASON	M	1987-09-20	Arizona	2013-09-08
684	ADELAIDE	DOWNS	F	1977-05-15	Arizona	2013-11-08
685	KAYLA	LEACH	F	1981-12-26	Colorado	2013-09-17
686	GABRIELLE	CHEN	F	1992-12-25	Ohio	2013-12-16
687	CHRISTIAN	OLSON	M	1974-11-22	Kentucky	2013-09-09
688	JESUS	JOHNSON	M	1983-03-21	California	2013-08-27
689	CAITLYN	FISHER	F	1995-12-24	Minnesota	2013-08-09
690	CHRISTOPHER	KENT	M	1983-05-21	Maryland	2013-10-03
691	ANGELINA	GLOVER	F	1968-07-14	Michigan	2013-11-05
692	KALEB	MCCLURE	M	1977-10-25	Maryland	2013-12-13
693	MAGGIE	FISHER	F	1967-05-15	Missouri	2013-11-19
694	LEON	RAMIREZ	M	1991-10-07	Utah	2013-12-23
695	JAMESON	PAGE	M	1966-03-21	Pennsylvania	2013-08-21
696	KOLE	MORRIS	M	1986-01-23	Oklahoma	2013-10-16
697	JAYDEN	RAMIREZ	M	1980-10-27	Washington	2013-09-21
698	ZACHARY	WHEELER	M	1942-06-29	North Carolina	2013-05-26
699	LUCIANA	HALL	F	1990-01-26	Texas	2013-12-12
700	DEANDRE	MCDANIEL	M	1977-12-18	Wyoming	2013-06-22
701	GLORIA	EVANS	F	1972-07-09	California	2013-08-22
702	CAMERON	JONES	M	1990-02-25	Pennsylvania	2013-11-07
703	BENTLEY	NGUYEN	M	1983-07-21	Virginia	2013-08-11
704	KARA	WEBER	F	1940-09-01	California	2013-09-14
705	REAGAN	SANDOVAL	F	1995-11-09	California	2013-10-26
706	JETT	SAWYER	M	1996-02-22	California	2013-10-28
707	ELIJAH	HARRIS	M	1987-06-13	Florida	2013-05-25
708	ANIYAH	GARCIA	F	1961-10-14	Kansas	2013-05-29
709	HUDSON	YODER	M	1975-11-29	Georgia	2013-12-06
710	DAVID	STEVENS	M	1987-04-22	Indiana	2013-10-22
711	ALI	JOHNSON	F	1990-02-10	California	2013-11-23
712	MASON	STEPHENS	M	1979-04-24	California	2013-11-01
713	JACKSON	MOON	M	1984-02-04	Arkansas	2013-12-14
714	RYAN	HOWARD	M	1982-03-23	Wisconsin	2013-12-04
715	ANGELIQUE	HARRIS	F	1964-05-06	Oregon	2013-12-10
716	MAX	RHODES	M	2001-12-22	New Jersey	2013-12-04
717	MALIK	THOMPSON	M	1992-07-18	Vermont	2013-09-21
718	MARIAH	RAMOS	F	1937-08-18	Virginia	2013-11-30
719	CARISSA	JACKSON	F	1969-12-26	Texas	2013-11-14
720	AALIYAH	CLARK	F	1986-04-23	Michigan	2013-01-12
721	ELLA	RODRIGUEZ	F	2005-02-16	Utah	2013-12-20
722	RACHAEL	MATHIS	F	1976-08-06	Pennsylvania	2013-12-21
723	BRODY	KING	M	1993-11-03	Alabama	2013-09-04
724	GREYSON	GRAY	M	1978-08-18	Illinois	2013-09-10
725	ETHAN	GALLEGOS	M	1985-05-17	Rhode Island	2013-12-17
726	DUSTIN	PARKER	M	1987-06-22	Maine	2013-06-01
727	VALENTINA	ESTRADA	F	1981-01-13	Vermont	2013-12-21
728	LUKE	POWELL	M	1977-08-12	Florida	2013-11-11
729	ALIJAH	TAYLOR	M	1979-02-12	Massachusetts	2013-11-03
730	TIFFANY	HARDIN	F	1964-02-16	Georgia	2013-06-06
731	ALEXIA	UNDERWOOD	F	1993-03-23	Colorado	2013-07-02
732	MEADOW	JONES	F	2000-04-04	Puerto Rico	2013-10-19
733	ANNA	HARRIS	F	1992-08-08	Florida	2013-12-21
734	MARIA	HERNANDEZ	F	2004-03-31	Massachusetts	2013-08-07
735	CAROLINE	ANDERSON	F	1982-05-09	California	2013-11-20
736	KAITLYN	DELGADO	F	1988-06-26	Georgia	2013-01-30
737	ALISON	BRANDT	F	1954-03-02	Michigan	2013-05-18
738	SELENA	SCOTT	F	1986-10-07	Illinois	2013-10-09
739	STELLA	ALEXANDER	F	1985-01-14	New Jersey	2013-11-23
740	CHRISTOPHER	TORRES	M	1992-03-29	Virginia	2013-07-05
741	RYAN	CHEN	M	1973-04-18	Indiana	2013-09-11
742	URIJAH	CARPENTER	M	1987-11-06	New York	2013-12-26
743	AARON	HANSEN	M	1983-06-22	Maryland	2013-11-14
744	LANDON	POWERS	M	1988-09-01	Idaho	2013-04-09
745	ASHLYN	MILES	F	1988-02-29	Florida	2013-11-22
746	VANESSA	MCGEE	F	1938-09-21	Ohio	2013-04-05
747	JADEN	TANNER	M	1972-12-18	Michigan	2013-10-15
748	VANESSA	VALDEZ	F	1988-01-19	Arizona	2013-09-02
749	JAELYNN	BAKER	F	1980-05-26	California	2013-11-15
750	LILLIAN	LONG	F	1966-08-01	New York	2013-06-18
751	ALDO	MOORE	M	1988-01-27	Minnesota	2013-12-02
752	KHLOE	ACOSTA	F	1934-11-14	Texas	2013-12-19
753	CONNOR	HUGHES	M	2005-06-28	California	2013-06-19
754	ANDREW	WALL	M	1966-02-25	California	2013-09-06
755	NASIR	MARTIN	M	1994-02-12	Texas	2013-08-13
756	BENJAMIN	GARDNER	M	1974-12-05	Florida	2013-07-04
757	MIA	STRICKLAND	F	1994-03-12	New York	2013-05-27
758	OMAR	DOMINGUEZ	M	1981-02-28	New Hampshire	2013-09-04
759	KAYLA	PEREZ	F	1955-05-17	Wisconsin	2013-06-20
760	LUCIA	CASTRO	F	2001-11-17	Texas	2013-07-15
761	RAIDEN	ZIMMERMAN	M	1976-10-16	Kentucky	2013-08-21
762	ALEXA	MARTIN	F	1999-08-05	Arkansas	2013-08-25
763	GWYNETH	HERNANDEZ	F	1965-03-19	Arkansas	2013-12-18
764	JACOB	WILSON	M	1983-07-15	North Carolina	2013-08-26
765	GENESIS	WALTERS	F	1946-08-27	Kansas	2013-12-03
766	DYLAN	NUNEZ	F	1989-02-28	California	2013-12-06
767	BRAYDEN	HAMMOND	M	1979-08-03	California	2013-02-09
768	LINDSAY	RILEY	F	1973-12-23	Illinois	2013-08-03
769	MILEY	WARD	F	1969-10-19	New Jersey	2013-04-01
770	EMELY	JENNINGS	F	1998-05-18	Florida	2013-10-01
771	AUDREY	HART	F	1997-05-14	Ohio	2013-04-16
772	KATE	GLOVER	F	1996-11-10	California	2013-11-07
773	JACOB	ANDERSON	M	1976-12-08	Connecticut	2013-11-15
774	MARK	DENNIS	M	1980-10-09	Georgia	2013-12-03
775	DOMINIC	CAMPOS	M	1984-10-21	New Jersey	2013-07-03
776	GRACIE	DAVIES	F	1941-04-03	Missouri	2013-10-01
777	GARRETT	LOWERY	M	1988-05-18	South Carolina	2013-11-21
778	JESUS	NORMAN	M	1960-05-15	Indiana	2013-12-12
779	CARTER	VEGA	M	1992-05-10	Texas	2013-12-22
780	JAKAYLA	LEE	F	1984-05-22	Pennsylvania	2013-08-07
781	JEFFREY	LANDRY	M	1951-04-23	California	2013-07-07
782	ISAAC	MEYER	M	1994-02-11	Texas	2013-08-07
783	LOGAN	LOPEZ	M	1977-09-27	Georgia	2013-03-07
784	EASTON	SCOTT	M	1950-03-14	New York	2013-02-28
785	AARON	YOUNG	M	2004-03-12	Maryland	2013-09-25
786	BROOKE	MERRITT	F	2000-09-22	Illinois	2013-07-19
787	VICTORIA	PETERSON	F	1988-04-27	California	2013-12-02
788	NOAH	HARRIS	M	1981-10-26	Ohio	2013-08-16
789	HAILEY	ELLIOTT	F	1997-02-06	Pennsylvania	2013-12-09
790	LIAM	SMITH	M	1990-02-08	Arizona	2013-06-07
791	CALEB	JONES	M	1982-08-21	Florida	2013-12-22
792	WALKER	MACIAS	M	1983-11-28	Wisconsin	2013-07-14
793	BECKETT	THOMAS	M	1976-09-16	California	2013-11-21
794	THOMAS	MONTGOMERY	M	1952-10-15	Arizona	2013-12-30
795	DWAYNE	MYERS	M	1971-04-14	California	2013-12-05
796	CAMERON	KRAUSE	M	1988-11-03	Georgia	2013-02-28
797	IZAIAH	KIRK	M	1986-06-06	Washington	2013-07-19
798	OWEN	NELSON	M	1982-11-12	Indiana	2013-12-26
799	BROOKS	BARBER	M	1996-05-31	Missouri	2013-09-29
800	MICHAEL	MCDANIEL	M	1980-04-24	Florida	2013-12-24
801	SHILOH	DURHAM	F	1996-02-10	Indiana	2013-12-04
802	BENJAMIN	HAYNES	M	1972-09-24	California	2013-11-06
803	JAMISON	LYONS	M	1972-12-07	Texas	2013-12-23
804	KAELYN	WOODS	F	1999-01-13	Kansas	2013-07-26
805	HUDSON	STRICKLAND	M	1963-03-26	Washington	2013-07-03
806	ANIYAH	BARNES	F	1961-11-05	Arizona	2013-06-16
807	ANA	CARTER	F	1990-11-10	Massachusetts	2013-09-18
808	LAYLA	HORTON	F	1981-11-12	New Mexico	2013-12-07
809	LAYLA	REYNOLDS	F	2003-11-29	Maryland	2013-12-17
810	REESE	EVANS	F	1990-08-18	Texas	2013-11-18
811	JOHN	DUNLAP	M	1985-01-28	Idaho	2013-09-09
812	SOFIA	SANFORD	F	1956-07-19	Colorado	2013-12-08
813	MADELYN	PARSONS	F	1950-02-06	Rhode Island	2013-11-22
814	DYLAN	JOHNSON	M	1980-09-26	California	2013-11-07
815	ALEXIS	THOMAS	F	1985-11-07	Kentucky	2013-12-04
816	KARA	ZIMMERMAN	F	1993-05-21	Arizona	2013-03-13
817	RYAN	BENNETT	M	1998-11-03	Michigan	2013-11-08
818	ALEXANDER	ROMAN	M	1969-02-15	North Carolina	2013-12-21
819	GRIFFIN	RILEY	M	1998-04-24	California	2013-09-21
820	MAX	THOMPSON	M	1977-11-04	Georgia	2013-09-08
821	LANDON	FIELDS	M	1994-03-09	Kansas	2013-11-03
822	JAXON	MILLER	M	1996-08-01	California	2013-12-17
823	KAYDEN	REYES	M	1981-08-31	Utah	2013-12-18
824	STEVEN	STONE	M	2001-12-18	North Carolina	2013-12-06
825	ALLISON	IRWIN	F	1979-09-24	North Carolina	2013-07-24
826	LINDSEY	STEVENS	F	1974-08-03	Texas	2013-11-13
827	ADDISON	TRAN	F	1987-09-01	Michigan	2013-08-10
828	REBECCA	MITCHELL	F	1985-02-14	California	2013-07-08
829	ELIANA	ROBERTS	F	1985-06-04	New Mexico	2013-05-14
830	JUDITH	FOWLER	F	1984-11-20	New York	2013-10-26
831	ALEXANDER	ORTIZ	M	1979-01-06	Massachusetts	2013-07-20
832	JESSE	HOWELL	M	1968-03-09	North Carolina	2013-09-13
833	BRENNA	BENNETT	F	1977-05-20	New York	2013-12-15
834	BLAISE	JONES	M	1955-12-11	Texas	2013-12-30
835	DAVID	GARCIA	M	1947-04-08	Illinois	2013-12-24
836	AXEL	WALKER	M	1966-03-20	Nevada	2013-12-24
837	JAXON	BAUER	M	1984-07-25	Alabama	2013-12-23
838	SPENCER	BRENNAN	M	1974-12-11	Maryland	2013-09-01
839	MCKENZIE	PATEL	F	1992-01-26	Georgia	2013-11-04
840	COLIN	VALENCIA	M	1986-11-29	Utah	2013-09-27
841	EMMA	HUFFMAN	F	1975-11-01	New York	2013-09-06
842	ROHAN	RAMIREZ	M	1979-01-21	Mississippi	2013-07-25
843	JACKSON	AGUILAR	M	1995-12-11	Ohio	2013-12-10
844	EMILY	CLARK	F	1988-09-22	California	2013-12-18
845	LANDON	ORTIZ	M	1980-07-23	California	2013-12-08
846	JESSIE	MILLER	M	1978-12-14	Puerto Rico	2013-06-24
847	NATALIA	SCOTT	F	1979-06-13	Alabama	2013-05-15
848	CARTER	MATHEWS	M	1949-07-02	Texas	2013-09-16
849	TITUS	SMITH	M	1987-09-15	Washington	2013-11-05
850	JOSHUA	JOHNSON	M	1981-08-05	Florida	2013-08-01
851	DECLAN	THOMPSON	M	1973-11-14	California	2013-08-04
852	ZOE	WILLIAMS	F	1979-04-24	Indiana	2013-12-02
853	JOCELYN	FREDERICK	F	1978-12-17	Virginia	2013-09-08
854	XANDER	MENDEZ	M	1981-04-29	Tennessee	2013-06-07
855	SOPHIA	KING	F	1989-05-06	Texas	2013-11-22
856	CHARLES	WRIGHT	M	1998-12-23	Massachusetts	2013-12-03
857	RODNEY	PATEL	M	1994-10-11	Virginia	2013-02-09
858	CAMERON	LOPEZ	F	1987-10-02	Wisconsin	2013-12-18
859	JULIAN	AVERY	M	1964-02-10	Texas	2013-06-04
860	GRADY	MCCANN	M	1985-07-30	New York	2013-12-07
861	NICHOLAS	BARTON	M	1990-02-04	Rhode Island	2013-07-09
862	GIOVANI	SINGLETON	M	1983-10-23	Tennessee	2013-10-14
863	CALVIN	HALEY	M	1995-01-09	Illinois	2013-01-10
864	DAYANA	BANKS	F	1929-04-13	New Jersey	2013-10-05
865	LIAM	BLACKBURN	M	1980-12-15	Georgia	2013-12-29
866	ISABELLA	BOWMAN	F	1965-05-14	Massachusetts	2013-11-09
867	MICHEAL	TODD	M	1995-03-27	Kansas	2013-12-03
868	RAUL	JONES	M	1985-09-06	Missouri	2013-07-17
869	AYDEN	CORTEZ	M	1983-01-02	North Carolina	2013-07-11
870	JAXON	BAKER	M	1991-09-26	Montana	2013-12-15
871	JOCELYNN	CUNNINGHAM	F	1945-03-12	West Virginia	2013-12-02
872	MADELYN	HODGES	F	1981-07-20	Minnesota	2013-09-03
873	CONNOR	SULLIVAN	M	1985-12-07	Georgia	2013-08-21
874	BELLA	GRAHAM	F	1998-12-09	Ohio	2013-07-14
875	EZEKIEL	THOMPSON	M	1994-10-16	California	2013-08-05
876	ELISABETH	JONES	F	1971-07-17	Texas	2013-11-23
877	ELIJAH	CHEN	M	1987-06-02	Georgia	2013-10-11
878	JAMES	STEELE	M	1975-11-17	Arkansas	2013-11-21
879	NORA	SCHMITT	F	1977-03-25	Illinois	2013-09-02
880	BELLA	RYAN	F	1949-09-21	New York	2013-12-03
881	SERGIO	DAVIS	M	1976-04-06	Oregon	2013-08-18
882	JOSHUA	VILLARREAL	M	1990-02-09	Virginia	2013-11-26
883	NOAH	HARRIS	M	1996-12-30	New York	2013-09-17
884	ASHTYN	PERKINS	F	1983-04-22	New York	2013-08-01
885	ISLA	CARTER	F	1958-03-27	Florida	2013-09-02
886	LUIS	MARTIN	M	1984-10-12	New York	2013-08-22
887	MIA	ROBBINS	F	1971-08-05	Missouri	2013-04-08
888	KAEDEN	BALDWIN	M	1982-04-09	Ohio	2013-10-16
889	MAYA	HESS	F	1975-09-22	Texas	2013-07-15
890	ARCHER	GONZALES	M	1982-12-07	Arizona	2013-12-23
891	MATTHEW	ANDERSON	M	1981-06-24	Texas	2013-06-13
892	SERGIO	JENNINGS	M	1987-10-20	California	2013-08-09
893	BENJAMIN	FISHER	M	1981-01-08	New Jersey	2013-06-21
894	WILLIAM	MCCARTHY	M	1957-10-23	Texas	2013-09-05
895	SHELBY	WILLIS	F	1995-12-04	Ohio	2013-12-23
896	HAYLIE	GARDNER	F	1939-05-24	Utah	2013-10-14
897	ARIA	KELLER	F	1986-03-24	New Mexico	2013-12-19
898	MASON	GONZALEZ	M	1984-02-29	New Jersey	2013-09-11
899	JACOB	BURKE	M	1934-09-29	Florida	2013-08-02
900	ABIGAIL	CLARK	F	1956-11-10	Arkansas	2013-08-18
901	CLAIRE	HORN	F	1989-09-14	Texas	2013-12-14
902	CALEB	MOORE	M	1997-04-20	Mississippi	2013-07-12
903	CHRISTOPHER	BENNETT	M	1979-12-11	New Jersey	2013-09-06
904	PEYTON	WILLIAMS	F	1953-03-13	Georgia	2013-06-11
905	REBECCA	RICHARDS	F	1968-02-02	New Jersey	2013-11-11
906	KARTER	SANCHEZ	M	1965-10-09	Oklahoma	2013-12-17
907	LILY	DIAZ	F	1986-02-18	California	2013-10-13
908	CONNOR	HUDSON	M	1982-01-11	Delaware	2013-08-27
909	HENRY	ANDERSON	M	1968-05-29	Maine	2013-09-13
910	JOSE	WILLIAMS	M	1997-04-15	Ohio	2013-11-03
911	SOPHIA	CAMACHO	F	2000-08-09	Arizona	2013-12-26
912	JACOB	BROOKS	M	2002-05-26	Virginia	2013-07-17
913	DAVID	CONLEY	M	1968-01-08	Washington	2013-05-21
914	JAIDA	HESS	F	1985-04-26	Florida	2013-07-14
915	KAIRI	HARDIN	F	1976-08-05	Florida	2013-05-20
916	CAROLINE	ARIAS	F	1977-03-27	Michigan	2013-06-28
917	LUKAS	LOPEZ	M	1979-04-04	Florida	2013-12-04
918	LEONARDO	ROGERS	M	1987-02-25	New Jersey	2013-09-11
919	MIA	LOVE	F	1938-12-20	South Carolina	2013-06-09
920	ASHER	ORTIZ	M	1986-11-01	New York	2013-11-02
921	COLT	TAYLOR	M	1966-02-07	Colorado	2013-06-26
922	KINSLEY	CHURCH	F	1984-04-24	Connecticut	2013-06-15
923	PERLA	RIDDLE	F	1980-08-10	California	2013-09-09
924	ALYVIA	CHEN	F	1986-07-26	California	2013-10-20
925	ERIK	WALLS	M	1983-12-18	Florida	2013-06-22
926	HAILEY	BONILLA	F	1955-11-23	New Jersey	2013-12-15
927	DECLAN	MENDEZ	M	1993-07-26	Virginia	2013-08-22
928	CONNOR	DANIELS	M	1979-03-03	Tennessee	2013-11-23
929	RYAN	GARCIA	M	1958-04-17	Puerto Rico	2013-07-30
930	LYRIC	ALVARADO	F	1957-12-29	Arkansas	2013-12-06
931	WYATT	DOUGLAS	M	1983-06-30	Texas	2013-12-22
932	COREY	AUSTIN	M	1979-07-16	New York	2013-07-15
933	LIAM	JONES	M	1973-07-14	Minnesota	2013-12-06
934	EMMANUEL	CARPENTER	M	1976-12-21	Virginia	2013-12-18
935	CAITLYN	WILLIAMS	F	1979-09-26	Arizona	2013-09-05
936	WILLIAM	CHOI	M	1972-07-15	Colorado	2013-06-22
937	MATTHEW	JOHNSON	M	1994-03-02	Colorado	2013-11-17
938	DAMIAN	DAY	M	1988-02-04	California	2013-03-10
939	XAVIER	JOHNSON	M	1969-11-29	North Carolina	2013-12-26
940	SIENA	TORRES	F	1971-04-07	Louisiana	2013-10-30
941	CARSON	JACKSON	M	1949-10-14	Pennsylvania	2013-09-12
942	DANIEL	MARTIN	M	1969-04-27	Texas	2013-10-26
943	ETHAN	THOMPSON	M	1960-09-07	Tennessee	2013-07-15
944	ADALYN	GUTIERREZ	F	1990-08-19	Michigan	2013-12-05
945	ADRIAN	ROGERS	M	1954-07-27	Indiana	2013-07-25
946	ASHER	THOMPSON	M	1987-12-28	Washington	2013-12-11
947	ANDRES	SALAS	M	1992-01-21	Kansas	2013-04-11
948	GEORGE	JIMENEZ	M	1982-11-12	Texas	2013-12-06
949	LAUREN	SMITH	F	1983-01-15	Minnesota	2013-07-07
950	JOSHUA	GRIFFIN	M	1966-02-07	Tennessee	2013-12-26
951	AVA	SULLIVAN	F	1985-01-31	Wisconsin	2013-09-27
952	JACOB	BAKER	M	1995-01-22	Florida	2013-07-07
953	ALEJANDRO	HOGAN	M	1938-09-24	New York	2013-12-26
954	DANIEL	HARVEY	M	1987-01-04	Maryland	2013-06-22
955	BENJAMIN	FLORES	M	1993-06-01	Michigan	2013-11-07
956	SIENNA	CRUZ	F	1986-10-12	Nebraska	2013-05-16
957	CARTER	CLARKE	M	1963-07-28	Wisconsin	2013-04-21
958	SAVANNAH	MARTINEZ	F	1983-01-06	Arizona	2013-12-29
959	JOSEPH	JIMENEZ	M	1971-04-02	Florida	2013-11-11
960	FELIPE	SANCHEZ	M	1984-01-21	West Virginia	2013-12-13
961	MADISON	WILSON	F	1995-06-28	Maryland	2013-11-23
962	BRAELYNN	HALL	F	2001-08-26	Nevada	2013-06-24
963	CATALINA	ROGERS	F	1991-07-13	Texas	2013-12-14
964	DYLAN	PATTERSON	M	1980-02-16	Illinois	2013-07-04
965	JOSEPH	CLEMENTS	M	1991-07-03	Wisconsin	2013-11-15
966	JAKE	RODRIGUEZ	M	1992-02-01	Minnesota	2013-05-10
967	NATHANIEL	DANIELS	M	1986-01-29	Pennsylvania	2013-12-08
968	ANDY	HUNTER	M	1987-08-23	Texas	2013-12-12
969	DAVION	WELLS	M	1991-06-11	California	2013-08-03
970	ELLA	HICKS	F	1994-12-07	Idaho	2013-05-11
971	JUSTIN	LARA	M	1969-06-05	Texas	2013-04-23
972	KARINA	RUIZ	F	1981-08-13	California	2013-12-28
973	JACOB	HUTCHINSON	M	1986-07-05	Connecticut	2013-09-28
974	ISABELLA	ESTRADA	F	1979-09-17	California	2013-11-11
975	MIA	HERNANDEZ	F	1999-03-10	Nebraska	2013-09-11
976	DAVIAN	GARCIA	M	1992-02-07	Tennessee	2013-11-24
977	MYA	DALTON	F	1996-01-22	Maryland	2013-10-03
978	ANNABELLE	PRICE	F	1987-09-23	Pennsylvania	2013-08-23
979	BROOKLYN	CISNEROS	F	1976-09-04	Georgia	2013-09-22
980	SAMANTHA	RICHARDS	F	1985-11-28	Nevada	2013-09-22
981	KAYLEE	GORDON	F	1969-07-25	Pennsylvania	2013-08-10
982	GAVIN	WILLIAMS	M	1996-05-22	Nevada	2013-10-23
983	KAITLIN	FRANKLIN	F	1980-12-25	Colorado	2013-08-14
984	SAWYER	JOYCE	M	1951-09-05	New York	2013-10-10
985	BRODY	BAUER	M	1978-12-20	California	2013-11-15
986	MACI	ANDERSON	F	1981-06-05	North Carolina	2013-12-18
987	ELIJAH	MARTIN	M	1975-02-12	Alabama	2013-12-26
988	ETHAN	JOHNSON	M	1988-09-01	New York	2013-12-08
989	JOSEPH	WALLACE	M	1980-03-11	Georgia	2013-12-26
990	LOGAN	WOOD	M	1990-09-21	Minnesota	2013-09-19
991	SAMUEL	CUNNINGHAM	M	1965-06-30	Illinois	2013-12-27
992	LONDON	SULLIVAN	F	1981-01-01	New Jersey	2013-12-11
993	LANA	HARDY	F	1985-04-22	New York	2013-04-02
994	CARTER	MARTIN	M	1988-11-29	Georgia	2013-12-13
995	JULIAN	LAMBERT	M	1965-05-10	California	2013-12-11
996	ELIJAH	MILLER	M	1982-04-06	Utah	2013-09-07
997	BRINLEY	SMITH	F	1981-12-15	Washington	2013-06-14
998	AUSTIN	COX	M	1975-01-19	Tennessee	2013-12-18
999	VINCENT	BYRD	M	1956-02-28	Ohio	2013-03-20
1000001	ELVIS	PARSLEY	M	1935-01-08	Texas	2013-03-01
1000	CONNOR	TAYLOR	M	1973-11-19	Virginia	2013-10-18